Customer ID,Recency,Frequency,Monetary
12346,95,11,372.86
12348,4,1,222.15999999999997
12349,136,2,1268.52
12355,133,1,488.21000000000004
12358,116,2,1697.93
12359,101,5,2012.03
12360,129,3,780.04
12361,28,3,321.35
12362,304,1,130.0
12366,199,1,500.24
12368,194,1,917.7
12369,15,2,1607.8
12370,190,3,774.62
12371,211,2,607.6800000000001
12373,190,2,763.0500000000001
12374,154,1,1388.54
12377,155,1,1210.96
12378,128,1,1407.7
12379,100,1,367.48
12380,31,7,6951.49
12388,11,2,1120.45
12389,133,2,563.03
12391,30,5,2312.53
12392,157,1,234.75000000000003
12395,60,2,1376.82
12396,240,1,931.4300000000001
12399,85,2,539.45
12402,16,4,875.65
12403,87,1,591.6600000000001
12404,248,1,63.24
12406,162,2,1629.2
12408,16,2,509.16
12409,91,3,7115.56
12410,68,1,320.38
12412,53,2,1176.79
12414,29,3,390.0
12415,63,3,2717.98
12416,222,1,202.56
12417,11,8,2281.55
12418,142,2,879.3100000000001
12421,71,1,77.8
12422,16,11,3356.7400000000002
12423,31,1,298.8
12424,114,1,446.53999999999996
12425,14,1,964.21
12426,228,1,762.48
12429,7,4,2454.01
12431,29,11,3646.52
12433,15,2,1126.09
12435,43,3,3575.2000000000003
12437,11,15,5937.47
12439,248,2,1158.18
12440,28,2,859.2
12443,298,1,485.31
12449,4,1,678.6
12450,17,2,254.02
12451,29,3,3634.36
12455,11,4,3413.09
12457,1,1,632.6800000000001
12458,53,1,380.61
12459,171,1,454.36
12460,22,1,326.65
12466,248,1,56.73
12468,92,3,2941.2
12469,88,2,3070.54
12470,255,1,211.95
12471,4,38,13890.09
12472,1,11,8383.59
12474,10,9,3251.2
12476,3,4,2754.1600000000003
12477,91,2,4485.86
12480,73,1,451.9
12481,16,3,5084.95
12482,142,29,23691.4
12483,2,8,1885.9
12484,49,6,1828.43
12485,95,1,708.1
12487,296,1,285.3
12490,25,9,3490.19
12494,142,1,344.87
12495,206,1,357.4
12496,186,2,54.09
12497,210,1,1211.76
12499,126,1,393.72
12500,1,8,1697.39
12503,150,1,1126.0
12504,162,1,134.4
12507,150,1,539.25
12510,25,7,4195.45
12514,207,1,580.08
12516,165,1,689.46
12519,42,1,385.70000000000005
12523,1,9,2254.4700000000003
12524,11,7,5032.99
12525,64,3,973.73
12527,60,2,386.8
12529,94,1,316.48
12530,18,4,1651.55
12531,252,1,1807.98
12533,193,2,1367.89
12539,16,3,5646.400000000001
12540,2,13,6420.83
12542,50,2,481.88
12543,14,1,980.25
12547,66,1,175.78
12549,141,6,1575.68
12554,14,1,468.5
12555,248,1,129.23
12557,112,2,3661.2000000000003
12562,1,1,426.0
12567,53,4,1976.9
12568,210,1,70.0
12570,248,1,77.52
12573,31,1,152.02
12575,23,2,622.82
12576,24,2,555.62
12577,302,1,210.55
12578,9,1,1011.86
12580,142,1,637.2
12582,143,1,837.11
12583,17,9,4597.89
12586,289,1,422.35
12588,163,1,328.9
12589,29,4,2989.0
12592,85,3,2145.06
12594,23,3,777.54
12595,70,1,299.02
12598,29,3,1511.01
12599,37,3,746.96
12600,15,8,1717.72
12605,24,1,256.99
12606,248,1,21.0
12609,64,4,1467.56
12613,45,4,3040.55
12615,70,2,2367.48
12619,126,1,140.14
12621,17,11,6685.46
12623,31,5,3080.59
12625,75,2,2481.06
12631,22,5,2841.07
12632,86,2,804.88
12633,56,2,2905.48
12634,101,2,490.0
12635,22,1,731.33
12636,304,1,141.0
12637,66,2,913.79
12638,205,1,249.8
12639,193,1,253.58
12643,11,4,2541.4
12644,236,2,868.13
12645,30,3,1293.72
12647,22,21,11285.75
12648,3,3,793.95
12649,149,3,781.8
12651,31,1,99.0
12653,92,1,1950.98
12656,65,2,1480.25
12661,2,1,162.0
12662,14,7,2287.07
12663,190,2,239.4
12664,80,2,1188.16
12665,235,1,168.8
12668,133,4,4502.35
12670,232,1,225.60000000000002
12671,172,1,2622.481
12672,161,1,211.15
12675,119,2,958.5
12676,49,3,564.03
12677,121,2,395.1
12678,29,7,11620.51
12681,9,18,11338.37
12682,16,18,8817.93
12683,22,6,3157.13
12687,46,2,2138.91
12692,203,1,110.95
12693,18,2,737.3100000000001
12695,94,3,825.02
12696,74,1,317.15
12698,156,1,339.75
12701,95,4,1648.7
12703,199,3,722.98
12705,1,2,2644.37
12708,22,7,2007.6000000000001
12709,16,16,18970.84
12711,177,2,1339.05
12712,56,6,1639.31
12714,22,6,7832.62
12717,156,1,277.93
12720,37,4,1327.59
12721,37,1,751.55
12724,71,2,973.56
12725,137,2,1228.95
12726,113,2,536.88
12727,8,3,1698.8300000000002
12730,87,1,829.25
12731,8,5,6879.8
12733,63,2,1638.32
12737,64,2,3710.5
12741,95,2,406.07
12742,191,1,1201.52
12744,25,4,4037.77
12745,52,3,925.41
12746,106,1,254.55
12747,35,12,3279.4700000000003
12748,1,82,13744.42
12749,87,1,832.9
12751,10,1,268.27
12755,70,6,1400.71
12758,25,5,7111.650000000001
12759,3,4,2802.51
12760,21,1,347.8
12761,23,2,782.95
12765,38,6,1404.58
12768,16,1,168.69
12770,22,1,1895.0
12771,51,1,282.3
12773,130,1,124.25
12774,101,1,98.7
12776,233,1,55.5
12777,23,1,519.45
12778,17,2,556.01
12779,25,5,1942.88
12780,164,1,337.4
12782,3,3,899.47
12784,95,1,1230.33
12785,101,2,788.45
12786,175,1,728.5000000000001
12788,29,4,444.90000000000003
12789,78,2,181.5
12791,166,4,555.11
12792,100,1,426.47
12796,194,1,381.0
12799,95,1,219.35
12800,36,3,584.25
12801,66,1,1071.82
12802,8,6,1988.84
12804,31,2,327.02
12805,47,3,991.35
12806,1,4,2878.96
12808,1,2,293.05
12809,131,2,1266.63
12810,100,2,534.99
12813,67,3,1687.8
12819,24,1,540.52
12820,70,5,1290.63
12821,177,1,128.08
12823,29,10,2829.5
12825,87,2,518.63
12826,42,3,1066.73
12829,116,1,92.3
12831,29,2,236.06
12835,9,40,5809.93
12836,36,9,2799.76
12837,135,1,554.31
12838,8,5,1520.09
12839,35,9,2986.66
12840,3,3,1315.2
12841,2,6,1093.19
12842,303,1,397.20000000000005
12843,31,17,4232.28
12844,8,2,322.64
12846,248,1,15.58
12848,241,1,208.0
12849,157,1,472.29
12850,11,1,330.0
12851,43,1,148.95
12853,66,4,1353.0
12854,127,4,1669.52
12857,2,4,2581.6
12859,24,1,575.1
12860,259,1,55.47
12861,185,1,68.25
12862,61,1,510.68
12863,85,4,1686.95
12864,74,1,152.45
12865,42,1,1043.15
12866,40,2,668.23
12867,12,5,2949.66
12869,247,1,337.66999999999996
12870,43,2,492.0
12871,5,1,363.38
12872,19,8,2217.85
12873,247,1,492.4
12874,120,1,489.26
12875,37,3,1013.7600000000001
12876,156,1,885.5400000000001
12877,40,5,888.33
12880,140,1,337.18
12889,33,2,171.01
12891,24,8,509.5
12894,141,1,157.35
12897,109,1,104.15
12898,29,2,310.96
12905,142,2,1018.42
12907,60,1,328.43
12908,71,2,636.0
12909,130,2,586.61
12910,11,4,2221.3
12911,117,1,1680.47
12913,136,5,1903.74
12915,38,2,611.45
12916,8,3,1647.8700000000001
12917,64,3,3086.2
12918,192,1,10953.5
12920,137,3,323.86
12921,15,27,14879.44
12923,141,1,426.2
12924,18,6,1264.75
12925,158,1,35.28
12926,213,2,612.4
12928,8,6,1503.33
12931,10,29,25943.48
12932,105,8,1698.56
12933,17,3,421.85
12934,302,1,181.65
12935,70,6,1487.33
12937,29,5,1593.34
12939,28,8,7842.12
12941,290,1,377.49
12943,124,2,496.5
12945,222,1,437.16
12946,2,1,324.45
12948,296,2,252.48
12949,29,11,8003.7
12951,1,7,1433.8500000000001
12953,88,1,498.96
12954,204,1,162.45
12956,250,3,413.82
12957,107,5,4689.43
12958,149,1,166.89
12959,50,1,150.95
12960,49,3,1145.8700000000001
12963,1,4,1379.16
12964,3,1,132.24
12969,168,1,122.45
12970,301,1,260.64
12971,1,16,3080.05
12972,148,3,1019.04
12974,131,1,264.15
12975,2,6,2100.09
12976,43,6,2012.12
12977,67,3,478.39
12978,211,4,1946.46
12979,295,1,517.7
12980,22,9,5922.4800000000005
12982,77,5,1776.26
12983,164,1,490.08
12986,25,7,2331.1800000000003
12987,176,2,460.68
12989,18,16,5277.64
12990,16,3,487.5
12992,291,1,93.35
12993,11,4,844.87
12997,39,3,578.48
12998,58,3,920.08
13000,291,1,497.65
13001,8,17,12618.210000000001
13004,18,15,4942.72
13005,23,1,229.73
13007,145,1,175.25
13008,289,1,189.31
13009,238,1,234.0
13010,214,1,177.12
13012,79,2,787.51
13013,4,11,5092.360000000001
13015,4,6,3240.14
13018,4,6,2221.66
13019,131,4,780.85
13020,128,2,618.96
13021,92,4,1230.67
13023,94,1,759.13
13024,36,2,555.87
13025,297,1,323.39
13026,54,4,757.72
13027,38,10,7423.2
13029,89,1,347.7
13031,10,4,3086.72
13032,25,5,751.94
13036,250,1,307.1
13037,28,8,2879.58
13039,150,4,1010.73
13041,16,4,799.13
13042,164,3,1556.54
13044,58,10,4293.43
13045,52,1,325.44
13046,22,1,319.94
13047,36,12,4558.74
13048,2,5,2248.3
13050,2,13,4400.29
13051,144,2,155.8
13052,116,4,2064.83
13053,187,1,127.65
13056,117,1,209.48
13057,96,3,722.09
13059,33,7,1918.3700000000001
13063,46,1,188.4
13064,116,2,561.25
13065,36,2,398.04
13067,12,1,251.39999999999998
13069,22,8,2955.19
13070,25,3,522.9
13071,178,1,129.22
13073,3,1,302.88
13074,77,4,1378.74
13076,23,1,135.4
13077,29,5,1514.55
13078,1,25,11996.44
13080,127,2,160.75
13081,39,11,20661.99
13082,24,10,3287.12
13084,57,1,122.39999999999999
13085,245,6,2017.2
13087,292,1,313.64
13089,1,90,42240.42
13090,37,4,1073.72
13091,295,2,1976.0
13092,24,6,1532.0
13093,14,31,27284.579999999998
13097,8,17,6629.0
13101,64,3,594.21
13102,1,8,2817.75
13103,3,2,465.70000000000005
13104,99,2,278.21999999999997
13105,2,1,72.0
13107,8,4,3487.45
13108,1,1,398.4
13109,117,1,347.49
13110,3,5,1468.8
13111,284,1,321.88000000000005
13112,107,1,20.599999999999998
13113,15,8,4047.2
13114,296,1,234.38
13115,66,4,1788.5
13117,16,8,838.59
13118,5,1,221.37
13119,234,1,134.9
13123,38,2,506.75
13125,89,1,158.57
13126,16,4,1372.49
13128,197,1,263.5
13129,18,2,233.25
13131,120,3,1393.58
13133,25,1,90.65
13135,57,1,275.45
13136,60,4,2283.52
13137,12,3,1408.34
13139,3,1,3138.04
13140,57,1,252.3
13141,7,10,4731.41
13143,150,1,405.1
13145,82,2,204.0
13148,19,10,3824.48
13150,50,3,449.96999999999997
13151,191,2,1322.8700000000001
13152,17,6,1881.5800000000002
13154,73,2,1012.98
13155,57,1,235.70000000000002
13156,234,2,1239.6
13157,40,4,3045.78
13161,66,1,366.13
13162,37,11,7278.02
13163,176,1,17.65
13164,135,2,372.2
13168,108,1,556.12
13169,128,1,127.2
13173,14,9,2119.76
13174,7,7,4715.26
13175,148,2,831.45
13178,8,9,7737.02
13179,184,1,572.3100000000001
13180,173,1,86.10000000000001
13183,10,5,2576.32
13187,190,3,130.99
13190,110,3,570.66
13191,224,1,164.69
13192,101,4,1646.64
13196,9,3,1271.06
13197,175,1,373.01000000000005
13199,17,21,4470.51
13201,68,4,1240.61
13202,15,6,1413.7
13203,33,4,1002.27
13204,297,1,966.6600000000001
13205,9,1,2803.2
13206,35,12,8064.12
13207,17,2,285.6
13208,15,3,764.6
13209,80,5,2617.9
13211,77,5,889.1
13213,71,2,614.95
13214,10,6,3122.56
13217,221,1,132.5
13219,184,1,76.23
13220,141,1,516.8
13222,143,1,88.5
13223,94,3,604.3199999999999
13225,40,7,8199.81
13230,1,12,2233.01
13233,260,1,290.63
13234,238,2,356.95
13238,156,1,117.0
13239,3,4,1265.1299999999999
13240,166,3,269.47
13242,17,4,429.0
13243,15,4,677.97
13246,2,3,805.9
13249,54,5,643.84
13250,26,2,256.04
13252,191,1,346.90000000000003
13253,269,1,974.39
13255,78,1,279.25
13257,2,1,149.75
13259,138,6,827.01
13262,166,1,232.41
13264,8,1,722.5600000000001
13266,72,5,1793.26
13267,4,11,3360.83
13269,5,11,2497.13
13275,198,1,180.16
13276,68,2,619.53
13277,36,2,153.5
13278,45,2,634.61
13280,210,1,478.5
13281,5,1,350.85
13283,133,2,279.7
13285,166,2,655.47
13286,166,1,734.91
13287,169,3,781.59
13288,9,5,927.61
13289,289,1,307.95
13290,4,1,208.63
13291,8,8,2664.98
13292,60,2,344.35
13293,105,4,857.59
13294,212,1,815.79
13295,142,1,306.5
13296,52,4,578.09
13297,108,1,656.57
13299,94,1,351.18
13300,140,1,314.98
13302,92,1,95.45
13304,21,3,917.57
13305,22,3,1270.85
13307,53,2,258.34
13308,162,1,284.86
13312,17,1,124.75
13313,45,7,1890.0
13315,255,1,310.26000000000005
13316,11,3,4586.41
13317,3,10,2775.7
13319,2,25,7678.97
13320,44,1,306.6
13324,17,7,3373.8199999999997
13327,23,10,4337.46
13329,63,3,989.0500000000001
13330,21,3,1665.25
13333,23,2,863.88
13334,102,2,2726.93
13337,112,1,1575.26
13338,107,3,1958.6
13340,64,4,10471.56
13346,28,6,299.4
13357,60,4,3228.41
13360,43,3,1082.31
13361,38,2,1450.5
13371,71,2,2297.66
13373,187,2,2154.85
13374,15,1,299.6
13375,10,1,1013.58
13377,211,1,815.32
13381,7,5,3941.17
13382,184,3,655.65
13383,109,1,305.28000000000003
13384,14,3,1940.79
13386,3,1,313.7
13388,169,1,508.55
13392,243,1,91.14
13393,149,4,1131.45
13394,1,9,3400.58
13397,3,5,1647.74
13398,14,1,213.0
13399,30,3,275.4
13400,148,1,310.83
13402,71,2,605.62
13403,289,1,78.6
13405,47,3,641.36
13406,197,1,140.16
13407,144,3,2244.7
13408,12,36,18440.602
13410,10,3,982.9
13412,186,1,487.35
13413,205,6,429.44
13414,29,3,1103.64
13415,38,4,800.67
13416,302,1,228.3
13417,113,4,1028.66
13418,38,8,3545.64
13421,52,5,1537.58
13424,15,1,572.77
13425,74,2,1779.42
13426,25,8,3425.6800000000003
13427,43,3,423.93
13428,80,2,281.51
13431,11,5,1515.04
13432,137,2,439.1
13433,67,4,658.32
13434,26,2,716.1
13435,66,1,323.85
13438,113,1,46.5
13439,92,1,284.28000000000003
13440,9,2,1270.5
13442,233,3,419.87
13443,14,6,1280.16
13444,72,1,135.29
13445,192,1,241.89999999999998
13446,51,10,3594.21
13448,4,6,4347.96
13450,23,6,1775.78
13451,12,5,3768.36
13452,38,1,139.8
13454,207,1,219.87
13455,19,4,1154.65
13457,254,2,148.22
13459,190,2,1160.41
13461,79,2,2267.4
13462,203,3,526.46
13464,39,3,714.16
13465,12,2,931.12
13466,66,3,528.75
13468,3,27,5619.92
13469,219,1,82.4
13472,29,2,592.24
13473,140,6,2235.12
13474,9,2,434.2
13476,52,2,544.4
13477,21,5,1379.5900000000001
13478,35,5,2215.78
13479,18,2,550.42
13480,245,1,493.94
13481,73,5,1575.33
13482,193,1,151.45
13484,205,1,165.78
13485,84,5,1557.23
13487,71,2,271.47
13488,53,8,3898.85
13490,220,1,154.25
13491,2,15,3036.7400000000002
13495,192,3,1210.51
13497,78,4,818.78
13498,296,1,327.38
13501,52,2,1544.79
13502,114,1,307.90000000000003
13503,45,5,1688.54
13506,26,1,427.32
13508,208,1,176.07999999999998
13509,73,1,135.0
13510,101,5,1781.21
13511,242,1,282.76
13512,46,2,273.96
13513,7,2,619.49
13514,145,2,588.7
13515,15,2,374.7
13519,8,1,220.46
13520,42,4,2518.7
13526,304,2,1182.0
13527,71,4,1844.88
13530,200,1,402.98
13531,64,4,949.27
13534,3,7,1328.37
13537,17,1,415.85
13538,3,3,962.54
13539,101,3,839.62
13540,33,3,632.39
13541,136,1,310.35
13542,12,15,3457.57
13543,200,2,1439.61
13544,122,3,356.94
13545,110,1,124.14
13548,37,1,226.57999999999998
13551,232,1,152.39999999999998
13552,14,8,2747.85
13553,240,1,517.8
13554,3,2,547.68
13555,17,7,3162.09
13556,1,1,107.22
13557,9,9,2008.6000000000001
13559,78,2,990.0
13561,49,7,1173.7
13562,94,4,2277.55
13564,14,30,11787.29
13566,75,2,570.74
13567,38,3,690.99
13571,24,10,1846.43
13573,15,2,138.57
13576,9,9,4043.37
13577,94,5,939.47
13579,21,2,708.25
13582,183,1,77.5
13583,245,1,664.001
13584,64,2,250.05
13585,96,3,684.54
13586,107,1,131.53
13587,15,3,961.1
13589,15,4,741.09
13590,8,6,2195.81
13591,1,4,976.81
13593,18,8,3030.21
13594,51,1,136.35000000000002
13595,82,3,818.22
13598,61,4,609.42
13599,11,8,3885.58
13600,200,1,298.9
13601,112,1,207.58
13602,1,2,458.58000000000004
13604,224,1,717.62
13605,137,1,169.89
13608,106,1,236.2
13609,159,1,167.35
13610,9,6,931.5600000000001
13611,39,5,1482.16
13612,198,1,818.29
13613,18,5,1039.8500000000001
13614,117,1,304.85
13615,72,4,3488.54
13616,134,2,288.1
13617,12,3,359.45
13619,110,2,231.69
13620,94,1,112.34
13622,262,1,658.95
13623,116,3,1434.09
13625,162,1,301.26
13627,54,2,607.43
13628,242,1,310.14
13629,29,6,3795.0
13632,142,2,881.99
13634,19,8,3049.43
13635,8,3,1928.13
13639,2,1,312.93
13640,177,1,405.0
13641,206,5,1016.47
13643,51,4,686.97
13647,60,4,1393.56
13648,36,6,1404.22
13649,42,3,728.51
13650,92,3,1141.06
13652,218,1,393.96000000000004
13653,53,1,152.2
13654,37,3,743.03
13655,155,2,580.58
13656,65,2,699.2
13658,58,3,2705.53
13659,58,9,3027.53
13661,169,1,325.24
13662,4,6,1148.1
13663,212,1,545.45
13665,70,1,632.81
13666,301,1,19.5
13668,44,11,5242.01
13672,296,1,233.53
13676,105,2,243.9
13677,86,1,273.96
13679,59,3,281.26
13680,37,8,7713.25
13683,23,1,258.6
13684,128,2,396.91999999999996
13687,4,1,11880.84
13688,201,1,375.5
13689,10,1,349.5
13693,40,7,1374.17
13694,1,88,117480.31
13695,143,1,266.6
13696,157,2,1386.2
13698,162,2,465.53000000000003
13699,116,1,455.57
13700,234,2,81.55
13701,12,1,161.0
13702,11,1,135.18
13705,8,4,1005.33
13706,192,1,300.38
13707,102,1,720.5
13709,12,5,1263.7
13710,178,1,228.0
13711,144,6,1360.1200000000001
13712,176,1,537.58
13713,37,2,591.11
13714,31,1,161.35
13715,31,10,5571.86
13717,23,2,318.29
13719,44,5,1277.94
13722,15,5,2781.7000000000003
13723,126,2,420.58
13724,203,1,213.01
13727,177,6,746.57
13728,23,8,1507.48
13729,1,3,724.73
13733,301,1,149.1
13734,74,4,6701.640000000001
13735,92,6,3671.93
13736,25,4,1770.69
13739,93,1,75.3
13740,71,3,931.73
13745,112,1,477.32
13748,304,1,173.1
13750,110,3,938.52
13752,93,1,404.45000000000005
13753,164,3,1353.31
13754,3,1,164.45
13756,9,6,1715.21
13757,240,1,195.55
13758,155,5,3682.17
13760,101,2,674.04
13761,68,4,881.52
13762,159,4,2165.76
13763,1,1,3196.48
13764,135,3,1431.5
13765,219,1,352.821
13766,61,1,190.35
13767,5,22,10255.93
13768,292,2,875.97
13769,9,9,2264.91
13770,2,3,607.77
13771,99,5,3094.37
13772,78,3,1096.34
13773,225,1,91.4
13775,156,1,1049.66
13777,5,20,12002.4
13778,57,3,945.79
13779,81,1,161.13
13781,158,2,650.99
13782,19,7,881.72
13783,53,4,1542.09
13784,5,2,399.29
13785,25,2,311.99
13786,155,4,2253.2400000000002
13787,24,4,913.46
13788,71,1,3.75
13793,212,1,96.0
13794,112,1,126.03
13795,72,2,432.34999999999997
13796,65,1,289.7
13797,2,3,1179.45
13798,4,42,29660.44
13799,10,7,2114.71
13800,302,1,478.7
13802,10,14,18052.170000000002
13803,184,1,433.53000000000003
13804,1,2,572.73
13807,140,2,309.6
13809,26,1,127.05
13813,93,4,1398.6100000000001
13814,93,1,678.2
13815,30,3,2553.98
13819,235,3,1502.0
13820,212,2,394.42
13821,259,3,692.2
13823,53,4,1929.92
13824,26,5,1120.02
13825,187,2,255.59
13830,147,1,156.85000000000002
13831,73,11,3388.27
13834,142,2,324.19
13835,85,3,260.7
13838,145,1,240.44
13839,52,1,139.95000000000002
13842,12,8,1384.1200000000001
13847,285,1,310.72
13848,38,4,1440.0
13849,190,1,509.65
13851,7,3,566.0
13852,176,1,187.35000000000002
13854,1,10,2635.62
13855,66,4,1310.3400000000001
13856,29,8,753.53
13857,9,3,640.21
13859,95,1,314.7
13861,96,1,128.43
13863,31,3,933.77
13869,18,5,3909.21
13870,3,5,2142.02
13871,115,3,1164.0
13872,93,3,919.57
13873,140,2,262.7
13874,70,6,1508.7
13875,22,8,2726.28
13877,36,2,332.44
13878,113,3,1191.53
13879,211,1,395.5
13880,17,3,746.61
13881,3,16,23251.22
13883,3,8,3396.9
13884,36,1,254.4
13888,60,4,1042.3700000000001
13889,11,4,1439.3300000000002
13890,147,3,730.2900000000001
13891,148,1,398.4
13892,43,2,634.68
13895,81,2,1415.45
13896,191,1,388.55
13897,4,2,849.5600000000001
13900,70,2,582.92
13901,50,9,2516.28
13902,198,5,34095.26
13905,298,1,312.65
13907,257,1,136.8
13909,87,1,112.46000000000001
13911,42,10,1388.49
13913,72,1,42.22
13916,29,4,1275.81
13919,106,1,617.27
13920,18,3,1453.56
13921,106,2,349.1
13922,3,2,692.95
13927,3,1,359.27
13929,4,8,2446.25
13931,23,5,3073.2200000000003
13935,162,3,6116.92
13939,94,3,451.65
13941,110,7,3703.54
13942,100,1,320.0
13943,143,1,246.54000000000002
13944,219,1,200.43
13945,45,1,515.65
13946,200,2,760.95
13948,214,2,262.31
13952,14,10,8147.74
13953,56,4,2625.0
13957,138,2,258.90000000000003
13958,77,7,3943.51
13959,77,1,43.25
13962,1,1,193.25
13963,3,10,1310.8
13965,42,3,996.61
13966,1,1,390.86
13969,1,13,2608.51
13970,3,1,288.55
13971,43,5,1522.78
13974,148,1,264.13
13975,116,3,1432.9
13976,72,3,834.38
13979,142,4,1302.11
13980,5,4,599.78
13982,65,5,2145.18
13983,25,8,3731.39
13984,59,5,640.93
13985,8,3,1103.53
13988,191,1,310.2
13989,30,3,759.98
13992,29,1,75.89999999999999
13993,5,7,2542.35
13995,33,7,1639.19
13997,85,3,382.31
13998,12,3,566.7
13999,21,14,4653.65
14000,67,3,1188.02
14001,7,4,1271.0700000000002
14003,298,1,209.41
14004,1,2,841.15
14006,94,4,1234.48
14007,78,1,79.48
14009,28,1,404.29999999999995
14010,131,2,445.15
14011,46,2,457.82
14013,189,1,174.2
14014,142,1,276.65999999999997
14016,40,6,6020.22
14017,137,1,229.75
14018,211,1,367.15
14020,42,2,606.21
14021,107,2,479.82
14022,52,1,352.15000000000003
14025,30,8,4057.9
14026,36,2,713.11
14028,116,3,10396.5
14030,4,8,3818.87
14031,7,20,17474.43
14032,31,4,1224.75
14033,121,1,109.44
14035,14,3,750.88
14037,44,4,689.75
14038,239,1,704.55
14039,141,1,115.08000000000001
14040,16,19,6916.8
14042,291,1,431.98
14043,57,2,304.25
14044,52,4,1244.99
14045,31,10,7450.08
14047,45,5,1705.51
14049,2,6,6380.63
14051,47,8,3697.96
14053,52,1,170.8
14055,143,2,795.3199999999999
14057,44,4,1872.28
14058,28,2,469.19
14060,8,7,1949.04
14061,73,3,917.4300000000001
14062,35,7,9634.06
14063,4,9,22710.2
14064,22,8,1743.33
14068,169,3,1262.52
14069,80,2,230.06
14070,250,1,326.55
14072,232,1,390.85
14074,189,1,219.4
14075,36,2,369.39
14078,40,3,507.02
14079,248,1,243.63
14080,194,3,694.65
14081,164,7,3099.43
14083,77,2,79.29
14084,78,1,150.5
14085,36,11,3733.9
14086,28,1,39.95
14087,301,1,236.69
14091,220,2,9530.08
14092,7,9,2698.84
14094,5,1,335.22
14095,288,1,2.95
14097,47,2,422.86
14099,15,6,1982.7
14101,36,5,2747.02
14104,114,2,394.15
14105,5,3,4244.5
14106,303,1,214.8
14107,14,4,2174.07
14108,297,2,447.05
14110,1,21,7304.8
14112,17,6,2919.44
14113,10,8,3187.15
14114,11,3,691.45
14115,67,2,622.67
14119,284,1,66.47999999999999
14122,294,2,131.58999999999997
14123,299,1,436.18
14126,10,1,466.33000000000004
14128,117,1,286.71
14129,21,3,997.02
14130,294,1,358.32
14131,214,1,187.87
14133,299,1,305.5
14134,7,11,8732.2
14135,23,6,3068.46
14136,120,4,1210.97
14137,261,1,332.7
14139,56,3,670.98
14142,212,1,359.53000000000003
14144,52,1,30.6
14145,25,3,3857.85
14146,11,6,3112.9900000000002
14147,3,5,1822.3
14151,239,2,679.45
14152,10,3,1021.09
14153,49,1,233.39999999999998
14154,86,3,2010.86
14156,1,79,167128.67
14157,212,1,152.85
14159,81,7,2410.58
14160,176,7,8421.47
14161,5,4,1925.21
14163,28,1,148.71
14166,71,2,256.85
14167,30,4,721.65
14168,130,1,302.95
14169,10,1,479.23
14171,296,1,135.0
14172,171,3,402.72
14173,207,2,135.16
14175,30,4,2895.32
14177,145,6,728.55
14180,29,4,263.15
14181,128,1,216.1
14182,9,4,678.77
14183,47,1,139.58
14186,87,4,1185.49
14187,39,1,123.5
14190,232,1,79.9
14191,294,1,15.9
14194,26,12,5924.14
14195,5,4,1603.6
14198,43,4,627.73
14199,86,2,322.65
14200,183,1,379.2
14201,136,2,283.95
14202,122,2,333.21000000000004
14204,102,2,722.87
14205,21,5,1339.3999999999999
14207,253,1,157.8
14208,117,1,415.31
14209,18,6,1982.69
14210,2,10,3650.73
14211,63,7,1631.01
14212,11,1,1119.66
14215,36,3,1460.6100000000001
14217,57,2,689.08
14219,59,1,395.64
14220,133,2,882.5999999999999
14221,15,8,3084.69
14224,10,4,793.18
14225,58,3,1627.2
14226,7,1,770.34
14227,10,4,2595.88
14228,3,3,745.5
14229,4,2,719.24
14230,1,3,979.8000000000001
14231,16,1,309.91
14233,31,3,1441.55
14235,64,4,1573.13
14236,36,2,524.6800000000001
14237,156,1,310.14
14238,228,2,287.38
14239,49,9,1462.71
14241,262,1,120.0
14243,3,3,3104.18
14244,226,1,366.41999999999996
14247,12,3,510.29
14248,25,2,730.37
14249,39,11,5099.211
14253,59,2,363.40000000000003
14255,112,1,1000.63
14256,57,3,1504.93
14257,3,3,2466.53
14258,1,14,18163.9
14260,37,3,824.28
14264,19,3,850.54
14265,30,2,843.1700000000001
14268,36,1,354.85
14269,5,1,295.73
14272,128,2,482.85
14274,252,1,256.6
14275,2,4,744.64
14276,50,3,648.24
14277,53,4,12620.23
14279,86,2,191.86
14282,23,6,2624.4
14283,29,4,628.44
14284,219,1,704.4
14285,79,4,1374.41
14286,205,3,2613.02
14290,207,2,1385.1100000000001
14291,11,7,3170.11
14292,5,6,2966.37
14293,253,3,1259.35
14295,4,4,2196.71
14296,140,1,168.25
14298,3,30,31241.9
14299,2,16,8123.27
14301,138,2,928.62
14302,228,2,471.25
14304,136,1,671.97
14306,65,2,453.28000000000003
14307,74,4,1292.2
14308,115,2,1147.02
14309,116,1,664.24
14311,133,1,206.19
14312,70,1,785.33
14315,130,2,716.69
14316,113,4,1064.1
14318,26,1,158.02
14320,112,3,868.96
14321,39,1,377.12
14322,203,2,153.60000000000002
14324,259,1,361.81
14325,135,1,245.48000000000002
14326,29,2,757.13
14327,2,4,1268.32
14328,4,1,445.05
14329,56,6,3228.91
14330,189,1,200.63
14334,37,3,1208.43
14338,102,1,339.88
14341,3,8,1936.1200000000001
14342,38,1,161.28
14343,75,3,868.53
14344,37,7,1312.67
14346,63,1,672.93
14347,302,1,82.60000000000001
14355,15,2,665.65
14361,144,1,214.71
14363,17,1,78.15
14365,247,1,324.5
14366,91,1,136.0
14369,208,2,469.13
14370,16,6,1175.78
14372,9,2,860.08
14374,107,1,108.0
14375,16,2,875.31
14376,249,1,215.46
14378,187,1,131.25
14379,46,1,320.76
14380,248,1,48.96
14381,17,1,428.66
14384,66,1,58.5
14388,33,6,2268.15
14389,94,2,535.35
14391,142,1,135.6
14394,130,1,93.8
14395,24,9,3839.19
14396,61,5,1523.59
14398,93,1,446.49
14399,18,6,1622.6299999999999
14400,197,1,656.25
14401,37,8,2450.06
14402,218,1,285.6
14403,155,2,404.7
14404,61,7,1291.31
14408,37,4,1503.24
14409,51,2,787.95
14410,3,1,460.17
14413,248,2,465.5
14415,26,7,3977.46
14420,78,2,844.1
14421,78,4,1656.26
14422,2,11,4982.62
14423,3,2,651.4100000000001
14425,288,2,422.29
14426,26,6,5376.16
14427,60,2,900.1800000000001
14430,77,3,1220.9
14431,21,2,2017.1799999999998
14433,31,1,289.6
14435,67,1,90.42
14436,119,1,182.64
14437,50,3,642.34
14439,9,4,6781.8
14440,164,4,2093.75
14441,17,6,2425.27
14442,25,3,2372.45
14444,22,1,132.04
14445,21,1,221.65
14449,2,1,255.81
14450,176,1,196.08
14451,2,8,1941.75
14452,87,1,127.3
14454,5,4,803.6
14455,22,3,376.06
14459,217,1,3537.821
14460,152,3,389.04
14461,3,9,3749.03
14463,65,1,256.95
14464,134,2,111.0
14465,71,7,2493.21
14466,114,5,1210.85
14467,18,6,1107.73
14468,299,1,204.24
14469,60,3,1429.13
14471,157,2,400.95
14472,255,1,291.38
14474,145,1,730.42
14477,2,3,660.0
14478,52,3,932.5600000000001
14479,299,1,355.13
14480,3,2,676.9300000000001
14481,178,2,893.4
14482,11,3,1051.7
14483,302,1,120.0
14484,203,2,528.6800000000001
14486,77,2,175.5
14489,3,3,1111.55
14492,22,6,1541.76
14493,73,4,1884.74
14494,297,1,114.3
14495,225,1,51.0
14496,145,2,1031.74
14497,239,1,221.69
14498,53,3,839.64
14499,35,1,357.11
14505,44,10,5032.72
14506,165,1,391.5
14507,8,3,895.4
14508,106,2,308.61
14509,100,1,110.95
14510,2,2,501.53000000000003
14512,80,4,623.6800000000001
14513,2,3,332.42
14514,2,6,3543.63
14515,116,1,196.1
14516,82,1,163.92
14519,249,2,206.09
14521,57,1,199.45000000000002
14522,161,4,784.08
14525,19,7,3035.86
14527,7,53,16611.62
14530,16,8,2661.82
14531,45,1,376.34
14532,5,6,2422.93
14533,43,3,1212.15
14534,10,4,1254.65
14535,73,5,2685.15
14537,189,1,285.84
14538,96,3,982.59
14540,43,6,1932.05
14541,45,5,939.78
14543,2,20,9061.04
14544,36,1,957.98
14545,240,1,349.25
14546,75,4,1805.28
14548,50,7,1974.69
14549,159,2,510.31
14550,49,1,289.51
14551,68,2,178.85
14552,158,1,173.72
14553,12,3,785.79
14555,93,3,1277.64
14556,162,3,835.34
14558,220,3,655.5
14560,10,18,3373.43
14562,29,7,1282.63
14563,75,2,679.44
14564,301,1,989.1800000000001
14565,39,1,760.1
14566,42,2,1340.0
14568,1,1,919.7
14569,18,3,371.59000000000003
14570,9,1,395.69
14572,124,2,1001.85
14573,110,4,554.9
14574,298,1,143.70000000000002
14575,54,1,460.71
14577,247,2,323.74
14580,84,1,14.85
14581,110,1,295.2
14583,99,2,534.08
14584,93,3,541.25
14588,144,1,135.39
14590,45,18,2658.86
14593,102,7,1956.39
14595,19,2,423.85
14596,192,1,229.47
14597,3,1,100.5
14598,135,1,162.07
14599,75,1,185.64000000000001
14602,222,1,205.35999999999999
14604,199,1,143.85999999999999
14605,163,3,589.96
14606,2,83,15088.63
14607,33,8,7568.13
14608,81,5,857.24
14609,25,5,620.64
14610,80,1,13.45
14611,9,2,604.33
14613,246,1,76.32000000000001
14615,18,4,817.51
14616,114,1,42.5
14618,112,1,245.73000000000002
14619,107,1,896.8
14621,77,4,1212.21
14623,21,4,1018.73
14624,100,3,487.66
14625,3,7,2720.65
14626,5,6,2301.7
14628,8,3,1326.04
14630,50,1,338.65
14631,53,1,317.95
14634,3,4,2124.46
14635,19,1,215.22
14637,243,1,106.68
14639,85,2,1353.0900000000001
14640,79,3,1202.63
14643,183,3,986.08
14644,60,2,743.5
14645,200,1,279.8
14646,4,53,198773.88
14647,89,1,276.75
14648,8,13,4225.86
14649,5,4,1544.8799999999999
14650,154,1,62.5
14651,95,5,934.92
14653,79,5,1666.99
14654,304,1,246.86
14655,88,2,1533.74
14656,79,2,322.07
14657,1,1,232.93
14662,198,2,221.64999999999998
14665,158,1,279.6
14667,2,24,9215.57
14668,11,1,111.63
14669,199,4,1973.94
14670,298,1,190.47
14671,115,2,1127.45
14672,81,2,347.59
14674,75,1,173.66
14676,10,4,4322.91
14677,158,1,184.91
14678,145,1,403.39
14679,87,2,916.9
14680,25,36,22700.16
14681,210,2,168.0
14682,101,3,606.17
14683,154,1,146.56
14685,142,8,4619.79
14686,225,2,316.97
14687,117,1,311.66
14688,3,4,764.28
14692,50,5,621.04
14693,19,5,850.46
14694,183,1,244.31
14695,85,3,1620.07
14699,1,3,593.47
14700,51,1,341.37
14701,8,6,2012.72
14702,1,10,2759.83
14704,190,1,119.84
14706,184,1,390.69
14707,1,2,139.2
14708,21,1,305.41
14709,26,9,3137.95
14710,17,8,1005.17
14713,1,8,1666.17
14714,141,2,463.12
14715,8,4,973.0699999999999
14716,10,1,235.77
14717,299,1,81.3
14722,43,2,325.45
14723,108,3,430.14
14724,156,1,345.25
14725,100,2,266.81
14726,220,1,124.75
14727,112,2,199.35
14729,191,2,280.4
14732,71,9,1979.95
14734,14,3,825.38
14735,11,19,4821.47
14736,51,2,401.08
14738,126,2,507.45
14739,1,16,6469.54
14740,3,7,2323.73
14742,1,1,579.85
14743,158,1,50.480000000000004
14744,129,4,1137.7
14745,67,7,1351.55
14748,3,5,1266.15
14749,45,1,310.15
14750,302,1,112.03
14751,250,2,126.45
14753,26,1,306.36
14754,93,3,505.43
14755,37,12,3386.4700000000003
14758,74,2,1059.55
14761,10,1,192.02
14762,192,1,117.05
14766,38,3,2680.6
14767,40,1,382.81
14769,36,6,3360.48
14770,33,6,2761.2200000000003
14771,187,2,594.62
14773,158,1,140.55
14774,94,1,241.45000000000002
14776,12,1,287.7
14783,225,1,307.3
14786,116,1,90.96
14787,37,1,110.65
14788,162,1,476.88
14790,99,4,1035.44
14791,172,1,303.63
14793,101,1,396.91
14794,11,2,490.39
14796,1,6,1118.4
14797,73,1,300.31
14798,98,4,530.17
14799,303,1,180.45000000000002
14800,1,1,455.3
14802,4,2,1502.98
14805,82,2,368.64
14806,5,1,110.04
14807,215,1,349.64
14809,187,2,686.76
14812,164,1,185.8
14813,176,1,460.34
14814,147,1,160.46
14817,78,3,1559.73
14818,24,3,512.61
14819,60,2,198.09
14820,158,2,265.12
14821,197,3,293.65
14822,51,1,157.7
14824,130,3,1614.65
14825,3,9,1573.35
14826,147,2,385.2
14828,15,8,6364.76
14829,2,1,345.90000000000003
14831,246,3,1676.57
14832,196,1,322.69
14833,64,1,94.8
14835,94,2,297.0
14837,8,5,1810.82
14838,302,1,119.10000000000001
14839,145,2,609.08
14840,105,1,299.86
14841,59,6,2640.09
14843,2,1,211.8
14844,60,3,2690.5
14845,165,1,150.0
14847,130,1,304.79999999999995
14849,56,13,5682.28
14850,134,2,473.32
14851,196,1,318.06
14852,10,10,2942.63
14853,109,2,581.87
14854,67,3,1255.58
14855,40,5,5874.65
14857,8,5,2478.731
14858,71,1,180.75
14859,120,1,351.9
14861,53,6,781.63
14865,304,1,31.200000000000003
14866,10,2,2497.2
14867,96,12,1883.38
14869,40,3,1578.64
14870,80,4,1119.65
14871,59,5,736.59
14872,49,3,816.6
14873,199,1,334.45
14874,101,1,116.18
14875,7,1,1397.08
14876,87,2,256.7
14877,208,1,206.7
14878,12,12,1857.57
14879,250,1,185.06
14882,81,8,1139.7
14884,235,1,120.6
14885,31,1,241.2
14890,184,2,691.6
14891,2,1,201.0
14892,256,1,202.35000000000002
14893,183,1,571.76
14894,9,2,837.0600000000001
14895,37,15,12319.89
14896,79,6,1366.43
14897,3,3,1189.26
14898,19,7,1664.44
14900,88,1,13.919999999999998
14901,30,2,296.96000000000004
14902,119,1,398.40000000000003
14905,73,4,977.7
14906,11,1,68.44
14907,168,1,294.72
14908,29,1,104.10000000000001
14909,3,3,1404.68
14911,1,140,106246.25
14912,156,2,497.0
14913,18,2,1833.3500000000001
14915,25,5,1006.1
14916,145,3,1218.81
14917,162,2,1123.75
14918,22,6,3316.37
14919,105,1,359.35
14920,131,1,629.4
14922,73,1,540.29
14924,176,2,620.96
14926,164,1,220.2
14928,193,1,223.91000000000003
14930,36,3,2873.77
14933,9,4,1770.0
14934,7,2,980.33
14935,185,1,1065.1200000000001
14936,10,3,2929.89
14938,128,2,2322.43
14940,299,1,182.01
14941,144,1,182.1
14942,158,3,440.78
14943,229,1,107.62
14944,3,6,3376.82
14947,95,3,588.52
14949,35,4,515.0
14952,8,18,8240.16
14953,1,1,301.98
14954,269,1,167.27
14955,298,1,163.77
14957,210,1,274.8
14958,161,3,458.26
14961,65,7,6580.02
14962,105,3,240.21000000000004
14963,15,2,543.43
14966,289,2,335.12
14967,7,5,1518.81
14968,24,1,357.4
14969,269,1,906.23
14970,96,7,2854.79
14977,291,1,31.93
14978,74,4,877.48
14979,301,1,439.46000000000004
14980,303,1,150.68
14982,138,1,237.78
14983,255,1,183.20000000000002
14984,117,3,509.5
14986,250,1,323.38
14987,284,4,566.6999999999999
14988,3,3,894.54
14989,227,1,342.4
14990,178,2,305.42
14992,8,1,210.5
14993,129,1,36.13
14994,7,3,573.16
14996,47,2,442.28999999999996
14997,221,1,230.4
14998,171,1,113.49
14999,158,1,129.48000000000002
15002,73,5,2543.87
15003,39,6,1060.7
15005,8,23,6097.26
15006,19,1,323.05
15008,46,2,360.0
15012,142,1,246.52
15013,53,10,1641.3
15015,67,13,2365.02
15016,109,1,141.8
15021,64,1,246.07
15022,243,1,281.05
15023,8,8,4266.37
15025,134,1,636.08
15026,14,1,383.66
15027,129,4,1156.16
15029,185,1,365.1
15030,117,3,946.5300000000001
15031,105,7,1972.94
15032,10,4,4763.95
15034,7,3,1813.59
15039,9,36,13598.57
15040,107,1,7.49
15041,10,1,113.67
15042,161,1,179.52
15043,29,5,2336.8
15044,7,14,6306.59
15046,54,9,2204.06
15050,46,1,1341.49
15051,4,5,2120.77
15055,40,3,560.07
15056,86,1,133.45
15057,9,3,1766.46
15058,33,3,772.9
15059,40,7,1586.44
15061,9,61,53529.09
15062,66,3,1062.43
15064,58,3,864.0600000000001
15067,173,1,764.64
15068,187,1,334.87
15070,157,2,630.85
15071,136,1,166.24
15072,45,1,187.52
15073,162,2,725.78
15074,33,1,359.65999999999997
15076,58,2,566.89
15077,60,2,2428.08
15078,21,18,6396.37
15079,36,7,2729.79
15080,67,1,361.35
15081,29,4,960.5
15082,234,1,93.35000000000001
15084,211,1,349.4
15085,295,1,347.54
15086,130,2,218.53
15091,240,2,565.9
15092,28,1,318.65
15093,2,12,7600.08
15094,29,2,83.0
15095,58,4,1254.29
15097,149,2,660.27
15100,267,1,217.2
15101,81,4,1160.41
15102,96,2,554.67
15105,192,1,330.38
15107,8,2,381.55
15109,145,2,498.15000000000003
15110,51,1,301.65
15111,158,1,286.81
15112,177,1,209.4
15115,298,1,191.74
15117,14,3,934.19
15122,25,6,2351.34
15123,4,2,1921.26
15124,42,2,266.63
15125,45,9,5496.39
15126,102,2,449.49
15127,85,1,304.97
15129,2,10,2796.63
15133,86,1,518.78
15135,122,1,166.63
15137,86,2,823.4
15140,8,1,889.44
15141,23,7,1388.47
15142,50,2,1283.06
15144,2,8,3926.87
15149,142,4,1033.81
15150,22,3,3686.61
15151,75,1,969.35
15152,267,1,518.14
15154,44,2,1091.99
15157,135,2,718.04
15162,297,1,312.9
15164,82,4,743.77
15166,33,1,167.16
15167,11,2,906.13
15169,292,1,356.17
15173,100,5,1085.83
15176,233,1,988.0400000000001
15179,92,6,4084.73
15180,155,1,452.84000000000003
15181,297,1,162.72
15182,15,6,2022.752
15183,113,3,639.93
15184,289,1,123.19
15186,40,3,991.7900000000001
15188,291,1,310.43
15189,24,2,386.88
15191,29,3,588.05
15192,141,2,622.07
15194,17,8,2958.07
15196,292,1,152.25
15197,4,2,533.9
15198,183,2,207.31
15199,30,4,1241.7
15200,60,1,549.0500000000001
15201,5,2,606.4100000000001
15203,49,7,1937.45
15207,113,1,408.0
15209,296,1,178.98000000000002
15210,141,1,301.92
15215,12,3,1273.24
15216,184,1,389.49
15217,129,1,426.24
15218,21,10,5075.26
15219,214,1,379.7
15221,159,2,787.15
15222,38,10,2965.91
15223,175,3,662.2
15224,78,3,549.28
15227,29,3,885.1400000000001
15228,65,1,960.41
15229,152,1,160.5
15231,187,1,250.26000000000002
15240,17,4,1811.1
15241,136,2,848.26
15243,1,1,610.6
15244,232,1,280.51
15245,39,4,1558.54
15246,121,1,266.25
15247,43,2,620.06
15248,42,2,1690.38
15249,78,4,2142.64
15250,206,1,60.0
15251,64,9,8899.51
15252,142,2,992.87
15253,88,2,912.7900000000001
15254,112,2,787.99
15255,26,4,1400.59
15256,127,1,71.95
15259,78,4,1182.3799999999999
15260,28,17,5317.05
15262,54,1,127.07000000000001
15264,96,1,454.66
15265,170,2,1839.52
15266,252,2,292.2
15268,44,3,961.9000000000001
15270,3,11,4553.07
15271,18,4,1134.39
15272,16,4,1363.54
15273,165,1,228.96
15278,127,4,496.16
15279,74,3,982.16
15280,54,2,293.09999999999997
15282,136,1,348.59
15283,53,2,114.43
15284,66,1,24.75
15287,1,2,183.24
15288,12,3,1100.76
15289,24,2,653.3100000000001
15290,30,5,1522.54
15291,4,22,7240.3
15293,231,1,247.5
15295,220,1,217.23999999999998
15296,50,4,5503.11
15298,2,10,3926.05
15299,262,1,731.52
15301,2,2,785.26
15302,296,1,308.0
15303,131,2,650.16
15305,121,1,93.6
15306,66,6,2310.38
15309,176,4,797.96
15310,44,1,1634.64
15311,1,94,47762.65
15312,4,6,1770.34
15317,243,1,129.75
15321,3,9,3961.42
15322,42,1,711.18
15323,128,3,434.6
15324,267,1,140.22000000000003
15325,39,5,966.0600000000001
15326,175,4,1388.81
15329,10,6,1530.63
15331,65,3,767.91
15332,79,1,1706.23
15338,243,1,283.43
15339,23,3,553.97
15340,127,1,105.5
15341,15,1,382.2
15347,3,1,555.85
15352,114,1,114.95
15353,44,4,1617.89
15354,169,3,284.4
15358,4,11,5913.42
15359,228,8,181.35
15361,92,3,270.15
15362,14,2,613.08
15363,58,1,352.11
15365,50,4,980.76
15366,8,4,1431.43
15367,24,6,2613.34
15369,58,11,6251.26
15371,228,1,59.400000000000006
15372,16,7,4009.66
15373,66,4,518.48
15374,190,1,139.32
15375,256,1,60.959999999999994
15378,28,2,246.5
15380,115,5,1224.26
15381,107,2,1099.86
15382,4,4,6012.66
15384,158,1,276.5
15385,243,1,307.8
15387,58,1,468.65
15389,121,3,1733.8
15391,150,1,289.87
15393,133,3,659.48
15394,7,6,2388.44
15396,149,1,508.20000000000005
15400,57,2,481.1
15401,18,2,216.95
15402,45,3,1047.43
15403,57,2,170.88
15405,142,1,310.74
15406,19,2,465.16
15409,287,1,131.25
15410,134,2,1234.88
15413,257,5,6798.72
15416,44,3,588.5
15418,152,1,206.49
15420,124,5,636.0
15421,44,5,2063.97
15422,19,3,1080.07
15423,147,2,223.39000000000001
15424,29,1,214.44
15425,94,3,1787.07
15426,8,4,756.58
15428,203,2,381.72
15430,33,2,954.75
15431,68,1,153.24
15432,107,1,149.57
15434,1,2,834.73
15437,206,1,193.29000000000002
15439,219,2,748.85
15441,296,1,301.57
15443,40,7,1939.02
15445,156,1,171.0
15446,194,2,230.77
15447,93,4,337.71000000000004
15448,240,1,294.17
15451,165,1,110.26
15452,38,2,1079.6
15454,184,1,128.59
15455,163,1,38.25
15456,58,6,1418.56
15459,63,1,97.83000000000001
15461,26,2,429.7
15462,11,1,502.45
15465,33,10,2574.2200000000003
15466,172,2,910.26
15469,4,1,335.70000000000005
15470,141,1,63.419999999999995
15471,116,1,269.25
15473,10,1,274.8
15474,161,1,163.1
15476,8,1,837.4300000000001
15477,215,1,368.4
15478,141,1,583.5600000000001
15479,299,1,147.4
15480,31,4,5373.5
15482,166,6,2842.43
15483,12,5,443.3
15484,106,2,1061.69
15485,247,3,1222.92
15486,93,1,102.0
15487,245,1,231.32
15488,22,4,340.6
15489,25,4,881.35
15493,67,3,1215.39
15494,44,3,2480.82
15496,197,1,146.14
15497,36,6,5389.51
15498,30,9,8113.9400000000005
15499,289,1,161.6
15502,4,2,2679.14
15503,292,1,120.06
15504,86,3,371.02
15506,43,1,196.38
15512,242,1,39.0
15513,16,13,9043.67
15514,14,6,2079.14
15518,85,6,1885.3
15519,12,1,147.11
15521,18,6,3130.2599999999998
15523,23,12,9245.37
15524,172,1,151.4
15527,16,13,2569.81
15530,78,1,311.37
15532,5,4,1654.5800000000002
15534,291,1,162.25
15535,15,1,224.98
15538,103,6,3358.4
15542,78,3,918.45
15543,25,1,114.98
15544,65,10,3774.67
15546,172,2,1079.1000000000001
15547,40,9,3708.72
15548,161,1,158.09
15549,109,4,493.95
15550,67,5,866.76
15551,7,2,760.26
15552,189,1,162.4
15555,23,16,5615.41
15558,205,1,214.13
15559,134,1,1109.4
15561,110,3,1033.6
15562,292,1,360.51000000000005
15563,80,3,1466.56
15564,29,2,70.74000000000001
15566,290,1,138.22
15569,96,3,1400.62
15570,37,7,2801.37
15571,124,4,766.39
15572,170,1,359.11
15573,184,3,599.73
15574,30,1,152.97
15575,185,1,30.1
15577,289,2,139.1
15580,21,6,844.82
15581,5,21,3552.44
15584,236,1,357.04
15586,158,3,1139.1000000000001
15587,57,1,182.16
15588,243,1,579.6
15590,149,3,694.76
15591,148,3,217.9
15595,53,1,357.59999999999997
15596,65,1,588.55
15597,141,1,238.8
15599,11,1,488.32
15600,17,3,1019.2900000000001
15601,7,14,6560.29
15602,77,4,626.0600000000001
15603,214,1,40.0
15605,154,4,543.72
15606,22,5,1491.0
15607,109,8,1604.21
15611,30,11,1108.48
15613,176,1,433.71999999999997
15614,3,4,3147.36
15615,23,20,8478.61
15616,4,1,317.11
15617,73,1,205.15
15622,116,7,3829.15
15623,35,6,1844.72
15625,38,4,1158.81
15627,23,2,566.9
15628,8,7,2170.34
15629,16,4,2240.9
15630,210,1,295.05
15631,208,1,596.67
15633,75,13,4352.46
15636,3,2,719.82
15637,64,3,463.78000000000003
15638,2,4,984.1999999999999
15639,17,2,639.76
15640,28,11,8076.36
15641,47,6,2501.51
15642,295,1,105.78
15650,87,2,553.88
15651,162,1,291.26
15652,51,1,114.44
15658,7,3,1093.17
15659,219,1,108.44
15660,16,5,779.23
15661,16,4,718.03
15662,227,2,283.73
15664,15,3,867.6
15665,40,2,1263.06
15666,38,2,632.94
15670,122,1,152.15
15672,291,1,45.300000000000004
15673,17,5,3533.77
15674,24,7,4182.58
15677,29,1,340.65
15678,88,1,731.48
15680,38,6,2011.85
15681,9,5,1166.56
15682,165,2,318.24
15683,39,1,330.79
15684,113,3,173.95
15685,16,1,55.980000000000004
15689,183,1,266.93
15691,155,2,359.5
15693,225,1,37.5
15694,3,7,2522.62
15695,163,2,721.0600000000001
15696,113,4,817.02
15697,255,1,246.75
15698,190,1,46.2
15702,42,2,140.39
15704,68,2,1524.3400000000001
15709,155,1,194.6
15711,122,2,420.25
15712,25,5,1838.8
15713,185,2,482.94
15714,19,3,453.93
15715,121,5,658.02
15716,19,7,1390.9
15717,58,3,304.90000000000003
15718,106,1,293.79
15719,9,15,4242.02
15720,116,1,143.19
15722,11,6,3035.54
15723,15,2,458.61
15727,59,6,3672.87
15728,10,1,247.60000000000002
15731,119,1,125.3
15732,74,8,1249.85
15734,2,2,923.85
15736,1,2,1815.72
15738,5,22,7201.88
15741,24,2,208.62
15742,185,1,156.87
15747,61,4,847.22
15748,15,2,465.45
15750,58,5,1754.45
15751,26,11,1380.44
15752,23,1,616.73
15754,59,6,2579.04
15755,22,9,3013.05
15757,14,3,1388.32
15759,77,4,577.89
15760,196,2,13916.34
15761,8,1,143.05
15764,44,1,864.91
15765,232,1,370.63
15766,22,2,516.0
15768,42,31,14979.26
15769,28,16,25343.4
15770,178,1,321.45
15771,170,3,1006.54
15774,54,4,696.74
15775,197,1,45.599999999999994
15777,134,1,9.3
15779,29,2,124.08000000000001
15784,33,2,848.33
15785,46,7,2308.29
15786,102,1,1786.71
15788,74,1,221.83
15789,47,4,1306.44
15791,95,3,1995.65
15792,184,1,476.84000000000003
15793,23,4,1118.3
15794,302,2,777.0
15795,152,6,986.38
15796,19,5,1633.3500000000001
15797,147,2,613.6800000000001
15798,58,3,1535.37
15800,19,5,543.5
15803,11,3,1513.84
15805,5,9,3349.85
15807,232,1,401.94
15808,35,15,11551.210000000001
15809,25,2,758.6700000000001
15810,30,3,1159.02
15812,1,7,3400.33
15814,169,1,294.08
15816,108,2,144.15
15817,58,2,2165.11
15818,154,1,340.5
15819,102,5,1458.21
15822,59,4,954.59
15823,295,2,3867.17
15824,19,2,890.94
15826,134,1,943.97
15827,66,12,1561.3999999999999
15833,303,1,80.4
15837,51,1,385.03000000000003
15838,10,7,8749.48
15841,14,4,1327.16
15842,93,1,172.55
15845,102,3,714.51
15847,9,2,287.86
15848,187,1,139.94
15850,102,2,236.39
15851,92,1,109.73
15852,92,1,96.55
15854,45,6,1816.8700000000001
15855,42,1,340.48
15856,21,18,11217.44
15858,58,7,1711.95
15860,124,5,636.97
15861,22,4,1236.43
15862,70,8,1602.09
15863,183,3,289.86
15865,269,1,714.05
15867,14,14,4202.72
15868,149,1,94.53
15869,192,1,174.02
15870,12,2,370.24
15871,3,1,33.099999999999994
15872,116,1,121.54
15873,65,4,313.91999999999996
15874,50,10,4266.96
15875,212,1,111.72
15876,14,1,730.8
15878,127,2,330.77
15879,87,3,733.02
15882,95,3,467.64000000000004
15884,302,1,241.8
15885,16,10,1284.72
15886,164,1,294.37
15887,26,2,637.15
15888,92,1,81.75
15889,150,5,789.9399999999999
15890,163,2,286.95
15892,235,1,128.2
15893,47,1,305.28000000000003
15898,7,18,3117.92
15900,128,1,136.22
15901,17,4,339.34
15903,43,2,354.2
15905,109,1,114.69
15906,16,1,119.15
15908,56,2,764.57
15910,31,6,1027.14
15911,189,8,1702.34
15912,2,7,810.08
15913,100,1,6.300000000000001
15916,124,4,1105.7
15917,172,4,437.53
15918,197,1,248.65
15920,100,4,267.04
15921,206,1,100.18
15924,297,1,102.82
15926,108,1,134.44
15927,213,1,123.39000000000001
15928,222,1,293.53
15929,210,1,594.0
15936,33,1,171.62
15938,22,4,330.23
15941,203,1,405.0
15943,215,2,271.28999999999996
15944,51,2,1204.4
15945,7,3,465.27
15946,68,3,2304.18
15950,37,4,3107.65
15953,19,6,1106.15
15954,155,1,190.75
15955,17,5,2533.57
15956,117,2,617.6
15958,116,1,81.44999999999999
15959,248,3,579.49
15960,1,1,160.9
15962,15,1,295.83
15964,229,1,272.96000000000004
15965,17,7,1378.44
15966,16,1,426.53
15967,5,8,1919.52
15969,88,1,103.75999999999999
15970,164,1,703.22
15971,290,2,446.28
15972,22,5,1810.27
15976,33,3,922.01
15978,210,1,599.12
15979,168,1,329.21999999999997
15980,56,4,4194.82
15981,26,11,5346.79
15982,171,1,324.51
15983,292,3,1199.59
15984,50,15,4061.71
15985,2,5,1572.8600000000001
15988,117,2,612.0600000000001
15989,303,1,143.11
15990,60,5,1217.94
15991,100,1,150.55
15992,19,1,320.75
15994,201,1,404.16
15998,17,9,4057.03
15999,301,1,20.4
16002,191,1,169.21
16003,191,3,997.27
16004,40,5,2146.39
16005,16,1,266.02
16007,12,2,916.07
16008,5,7,2185.52
16011,36,9,1458.42
16012,95,1,975.33
16013,1,27,11792.12
16014,243,1,257.71
16017,197,3,927.35
16018,298,1,195.78
16019,16,13,9358.47
16021,110,1,151.39
16027,23,9,1113.74
16028,161,1,82.2
16029,2,38,33943.14
16032,22,6,1970.45
16033,10,3,713.31
16035,126,1,217.73
16036,186,1,848.6800000000001
16037,110,2,654.32
16039,194,1,143.48000000000002
16040,21,3,835.25
16042,19,1,644.15
16043,47,1,524.45
16044,1,1,340.84000000000003
16045,64,2,968.82
16046,128,1,235.78
16047,248,1,107.14
16048,115,1,201.0
16049,82,1,229.64000000000001
16051,247,1,188.44
16053,12,2,1455.59
16054,78,2,1010.13
16057,85,3,1591.73
16059,66,4,920.0600000000001
16060,60,1,345.6
16062,102,1,543.32
16064,291,1,111.0
16065,29,1,434.98
16067,128,3,3395.29
16068,159,1,122.93
16071,93,3,750.5600000000001
16072,115,1,1859.64
16075,68,2,736.9300000000001
16077,191,1,2300.4
16078,235,1,283.79
16080,16,1,306.65
16081,140,2,273.03
16082,236,1,106.75
16085,26,6,1247.8700000000001
16086,115,3,950.86
16087,175,3,997.24
16088,141,2,1437.43
16089,75,1,154.65
16090,190,1,205.91
16092,70,3,770.08
16094,36,5,1684.28
16095,22,1,447.05
16096,154,2,883.47
16098,31,6,1858.02
16099,65,3,682.9
16100,28,1,582.64
16101,47,2,1211.1100000000001
16103,37,13,3927.57
16104,47,7,2219.25
16105,4,4,2049.23
16108,148,2,860.99
16109,264,1,327.59999999999997
16110,88,1,481.79
16115,54,3,688.28
16117,157,1,133.5
16118,218,1,4376.25
16119,85,4,879.14
16121,131,1,155.67
16124,149,2,931.64
16125,11,12,3613.85
16126,40,8,3772.59
16127,292,1,145.06
16128,66,2,757.85
16129,73,1,446.94
16130,119,3,713.25
16131,162,2,4499.94
16132,110,2,664.1999999999999
16133,10,13,4423.58
16134,23,2,1259.2
16135,149,1,301.9
16136,229,1,237.42000000000002
16137,246,1,422.7
16138,95,2,588.51
16139,288,2,475.74
16140,7,1,708.28
16143,16,5,1799.04
16145,10,5,2071.95
16146,14,1,212.25
16147,136,2,1186.3700000000001
16148,2,1,310.3
16150,23,5,1949.15
16153,38,5,2581.43
16155,16,3,562.4
16156,10,9,2646.77
16158,88,9,628.32
16159,36,3,884.59
16161,5,18,4089.99
16163,112,3,1160.53
16165,71,1,79.9
16166,257,1,239.84
16167,4,3,1197.79
16168,5,32,5394.13
16170,26,13,4676.28
16172,39,3,744.34
16174,57,4,1237.2
16175,37,3,798.85
16176,94,3,1140.59
16177,2,7,1915.3600000000001
16180,44,5,5995.69
16182,4,5,3354.0
16185,130,1,115.31
16186,7,10,4083.55
16190,49,5,1591.84
16191,112,2,2380.08
16192,301,1,351.3
16195,289,1,323.25
16196,54,1,93.3
16197,35,9,2016.71
16198,3,1,629.36
16199,10,6,470.25
16200,37,9,4092.91
16202,2,7,1834.04
16203,70,1,282.13
16204,297,1,213.27
16205,108,1,220.11
16206,17,7,1565.3500000000001
16208,19,6,2192.96
16209,86,3,1678.8600000000001
16210,2,15,8484.68
16211,4,1,243.57
16212,184,2,603.37
16214,1,1,975.5
16218,2,4,496.0
16219,66,1,40.8
16221,24,3,722.53
16222,287,1,498.50000000000006
16225,29,9,1602.64
16227,60,2,713.0
16229,87,3,1088.36
16231,163,1,291.55
16232,50,2,987.27
16233,12,5,1069.83
16234,42,3,333.18
16235,28,2,729.66
16237,3,1,136.65
16239,29,1,262.6
16242,36,4,2075.25
16246,25,2,827.25
16251,78,1,128.31
16253,107,3,2309.39
16254,67,2,378.89
16255,25,6,1664.86
16256,59,2,876.9399999999999
16258,29,7,4367.67
16259,171,2,159.82
16261,8,1,151.69
16264,4,2,837.53
16266,66,6,736.66
16267,157,1,186.66
16269,3,1,717.57
16271,23,5,2033.78
16273,214,2,336.03999999999996
16275,40,2,1591.24
16276,45,2,1818.79
16277,299,1,188.69
16278,46,2,551.46
16279,52,4,2749.94
16280,291,1,238.05
16281,248,1,781.52
16282,53,2,1139.28
16283,93,2,1495.38
16285,212,1,176.9
16286,43,2,328.95
16287,2,3,651.19
16288,36,1,129.85
16289,28,1,136.31
16290,30,4,2069.3
16291,248,1,117.72
16292,30,3,819.01
16293,2,4,1469.49
16294,42,1,126.05000000000001
16296,192,4,1313.67
16298,8,1,183.6
16299,43,1,193.65
16300,191,2,863.47
16301,302,1,107.33
16303,134,2,1228.3400000000001
16304,260,1,381.66
16307,108,2,794.92
16308,109,2,1600.0
16310,208,1,190.38
16314,24,2,822.15
16315,102,1,176.34
16316,11,2,1526.8
16317,116,2,850.86
16320,19,4,4590.53
16321,192,2,230.9
16323,143,1,146.16
16325,8,7,1993.7
16326,47,9,1474.93
16327,26,9,5724.01
16328,129,1,310.83
16329,9,3,1239.8700000000001
16330,4,3,322.25
16331,28,3,1636.9
16332,39,3,258.79
16334,58,1,277.48
16335,117,7,2774.0
16336,24,3,2954.89
16340,5,2,976.99
16341,3,3,1878.92
16344,75,3,741.3199999999999
16345,49,1,623.33
16347,1,7,1640.7
16351,29,11,3054.13
16353,28,12,2162.65
16354,7,2,523.05
16356,117,2,98.3
16359,58,6,731.4300000000001
16362,3,1,212.17000000000002
16365,42,5,1285.92
16366,148,3,1220.83
16368,1,1,142.78
16369,2,4,1111.15
16371,14,1,157.2
16372,173,1,113.45
16374,18,2,913.88
16375,36,2,104.0
16377,183,1,632.28
16382,116,1,195.77
16383,8,4,1885.63
16384,156,1,319.75
16385,197,1,110.25999999999999
16387,19,2,520.61
16388,219,1,186.05
16390,102,3,467.5
16391,63,3,594.66
16392,127,1,192.29
16393,66,6,1376.95
16395,12,5,1020.44
16396,42,1,137.8
16397,194,1,127.88
16400,68,6,2184.38
16401,5,7,1014.78
16406,16,2,389.61
16408,157,1,231.93
16409,40,5,2417.75
16410,300,1,130.32
16412,175,2,194.04
16414,159,2,232.57
16415,149,2,509.09000000000003
16416,72,3,966.21
16417,58,1,35.7
16419,143,2,515.19
16421,35,1,310.6
16422,5,44,20465.38
16428,63,2,421.31
16430,120,2,222.39000000000001
16434,12,5,1219.49
16435,78,3,1011.5699999999999
16436,234,3,329.34
16439,288,1,310.70000000000005
16440,59,1,216.3
16441,1,2,334.76
16442,170,2,282.68
16443,86,1,162.24
16444,17,7,1227.3600000000001
16447,156,2,516.13
16448,37,1,178.98000000000002
16450,150,2,1193.81
16451,127,2,746.1800000000001
16452,196,2,332.17
16453,96,2,251.71
16454,172,2,24.05
16455,185,1,905.16
16456,37,7,3596.32
16458,18,8,1342.3600000000001
16459,295,1,71.78999999999999
16461,156,2,1463.8
16465,10,1,456.64
16466,42,6,1954.3
16467,74,7,2869.16
16468,36,2,712.62
16469,80,1,178.48000000000002
16470,18,6,1379.48
16471,134,2,663.23
16472,163,1,557.04
16477,16,2,773.44
16481,248,1,453.38
16485,159,3,1339.0
16486,103,1,134.36
16487,143,2,209.4
16489,2,1,110.65
16490,2,1,205.41000000000003
16492,106,1,385.56
16493,10,3,780.46
16496,75,2,453.0
16497,8,15,3240.94
16499,15,4,989.52
16500,109,1,147.55
16502,186,2,266.5
16503,4,6,1799.91
16507,138,1,152.76
16508,196,1,248.8
16510,33,5,1603.8
16511,10,2,532.98
16515,8,2,885.62
16518,122,1,155.0
16519,51,2,237.48
16520,155,2,648.38
16521,214,1,95.12
16522,1,2,433.36
16523,36,4,1557.68
16524,12,2,308.14
16525,28,19,10017.85
16526,150,1,426.85
16529,43,3,1556.75
16530,234,1,48.35
16531,7,1,389.81
16532,186,1,861.5999999999999
16534,208,1,635.9
16535,246,1,20.0
16537,207,1,23.35
16538,107,3,399.62
16539,35,4,1117.45
16541,301,1,424.03
16543,157,1,292.21
16544,85,4,376.70000000000005
16546,8,1,2344.7
16547,112,1,111.71
16548,165,1,30.15
16549,5,18,4774.79
16550,18,12,5646.49
16551,183,3,961.4399999999999
16553,47,12,5110.47
16554,3,4,1600.7
16555,71,4,1629.79
16556,24,8,3904.31
16558,10,12,3159.7400000000002
16560,148,5,1874.8400000000001
16562,42,1,223.86
16563,22,4,2023.6
16564,135,1,87.80000000000001
16565,52,2,392.35
16568,207,1,477.29999999999995
16569,197,4,1331.03
16570,37,5,1960.23
16571,56,5,1459.33
16574,224,1,590.91
16576,87,1,227.4
16577,232,1,380.0
16578,192,1,156.6
16583,239,1,64.5
16584,65,2,1438.3600000000001
16585,159,2,341.59000000000003
16586,10,2,998.83
16588,71,2,823.05
16589,16,1,153.12
16592,4,10,3213.13
16593,5,3,400.68
16595,172,2,741.35
16596,255,2,208.83
16600,3,4,910.71
16601,189,1,67.25
16604,128,2,432.45000000000005
16605,290,1,60.48
16607,29,7,1599.3600000000001
16608,19,2,1288.72
16611,61,4,1326.74
16612,65,3,1161.6200000000001
16614,144,1,293.15
16615,192,1,291.5
16619,164,2,1364.92
16620,128,3,1311.47
16622,109,1,225.4
16623,102,2,575.54
16625,18,3,923.75
16628,207,1,78.0
16631,47,7,1892.52
16632,51,2,406.4
16634,186,2,619.2
16636,4,4,3802.04
16638,8,4,578.0600000000001
16641,267,1,323.4
16645,301,1,160.39
16646,15,1,678.8
16647,8,2,327.84
16648,21,2,382.14
16649,86,1,306.58
16650,3,5,1180.26
16651,152,1,136.2
16652,36,5,8684.74
16654,2,4,882.8000000000001
16655,12,6,2240.97
16656,15,13,7769.97
16658,2,5,567.59
16660,24,2,344.94
16661,106,4,986.63
16663,295,1,165.0
16664,135,1,109.2
16666,187,1,106.96
16668,4,6,512.5
16670,14,7,2847.12
16673,245,1,188.83
16675,7,2,608.86
16677,218,1,263.23
16679,113,1,187.15
16680,94,2,637.75
16681,207,1,151.5
16683,99,1,320.25
16684,18,19,40268.04
16686,19,6,1411.34
16690,17,1,45.8
16691,127,1,35.88
16692,7,1,571.1999999999999
16693,82,2,453.35
16694,289,1,98.30000000000001
16695,127,2,193.15
16699,7,6,887.88
16700,9,10,3341.6
16701,16,12,4097.59
16702,131,3,794.92
16704,184,2,695.66
16705,4,18,23871.701
16707,114,3,355.58
16709,5,6,4261.49
16710,3,9,2464.58
16711,191,3,895.65
16713,19,15,6526.97
16714,236,1,368.27
16715,128,1,323.8
16716,196,1,1248.48
16717,135,3,1127.38
16718,155,4,2400.03
16719,28,5,1303.16
16720,288,1,173.22
16722,58,7,2278.35
16723,9,2,712.48
16725,40,2,494.04
16727,187,2,848.4399999999999
16731,214,1,174.05
16732,177,2,1472.88
16733,95,1,259.68
16735,28,7,2777.07
16736,71,5,2956.56
16737,143,1,417.6
16739,102,1,463.43
16741,191,1,173.06
16742,58,13,2387.71
16743,22,7,2015.17
16746,17,19,8549.07
16748,16,6,1273.85
16749,157,2,4387.08
16754,28,26,50926.81
16755,33,4,1403.75
16756,14,5,767.9200000000001
16763,304,1,352.85
16767,59,3,1743.54
16768,23,5,1005.53
16769,44,3,761.36
16770,12,2,358.96000000000004
16771,23,5,1720.79
16772,266,2,2001.1
16773,2,2,249.65
16774,77,3,797.23
16775,8,1,108.14999999999999
16777,96,2,271.62
16779,3,28,20576.2
16781,235,1,311.75
16782,26,16,3556.6
16783,2,1,391.95
16784,59,2,315.52
16787,19,3,842.98
16788,116,2,810.92
16791,31,5,1418.67
16792,154,2,367.19
16794,5,4,734.74
16795,249,1,617.97
16797,105,3,1023.83
16798,120,3,848.71
16799,19,1,248.79000000000002
16802,245,2,582.61
16805,143,3,636.65
16807,36,3,1002.29
16809,22,3,636.64
16814,40,11,4829.11
16815,19,2,410.97
16819,31,2,182.59
16822,252,1,181.39
16823,28,3,936.08
16825,100,1,363.3
16827,4,3,271.72
16830,8,3,881.59
16831,130,1,91.8
16832,24,1,111.0
16833,5,2,1302.51
16834,240,1,485.5
16835,66,3,1098.31
16836,140,1,220.75
16838,96,2,570.76
16839,23,6,2549.96
16840,169,2,139.85
16841,47,5,1792.14
16843,1,16,7982.28
16844,128,2,614.34
16845,184,1,253.88
16846,143,2,628.09
16847,184,1,421.45
16854,206,1,1290.81
16856,8,1,183.78000000000003
16857,8,1,352.8
16858,21,8,3494.8
16859,1,4,779.9
16860,18,3,1610.62
16861,74,1,137.4
16862,113,4,662.33
16864,164,1,111.72000000000001
16867,255,1,76.74000000000001
16868,159,1,183.9
16870,35,1,450.16
16872,19,2,337.96
16873,47,5,5823.99
16875,3,6,2139.0
16880,59,1,321.78000000000003
16883,47,17,1991.83
16884,122,2,644.08
16886,22,1,134.0
16887,304,1,219.82
16888,242,2,317.31
16889,82,2,653.79
16890,42,3,285.41
16891,44,6,1014.86
16892,120,2,236.56
16894,68,3,1324.06
16895,4,4,902.28
16896,121,1,103.95
16898,142,1,192.64
16901,295,1,204.26
16905,63,7,989.4
16906,141,2,347.56
16907,1,2,260.75
16908,288,1,252.59
16911,201,2,255.25
16912,15,3,1574.63
16913,217,2,310.47
16915,29,3,531.0500000000001
16917,198,1,1466.31
16918,70,9,1696.3
16919,3,8,1156.25
16921,8,2,276.88
16922,138,1,611.08
16923,33,7,3369.71
16925,106,1,125.65
16926,22,4,960.85
16928,1,5,395.5
16932,137,1,121.48
16933,64,4,1844.28
16934,86,3,781.5600000000001
16937,65,1,202.1
16938,59,3,2713.33
16939,54,3,449.0
16940,16,5,3377.78
16941,177,1,33.0
16943,105,2,482.76
16944,175,1,101.36
16945,10,11,3492.22
16946,77,4,1035.94
16947,28,4,548.73
16948,101,3,394.85
16950,37,5,1655.01
16952,7,3,631.17
16954,10,9,3339.3399999999997
16955,120,2,601.64
16958,1,1,809.44
16960,122,2,755.83
16961,98,1,162.05
16964,299,2,207.85
16970,192,1,71.4
16972,22,1,292.8
16974,88,2,365.5
16975,31,2,351.48
16977,152,3,360.3
16978,232,2,424.55
16979,16,1,305.65
16983,12,1,169.62
16984,44,6,5094.9800000000005
16985,28,12,5038.8
16986,11,9,3015.55
16987,172,3,646.1
16992,3,6,2251.59
16993,29,2,1950.95
16998,10,1,107.0
17001,7,6,1877.57
17002,9,4,1077.82
17003,144,1,144.36
17005,36,2,742.36
17006,210,1,180.81
17007,3,1,230.17000000000002
17009,117,1,242.06
17011,213,2,400.8
17012,291,1,384.16
17016,142,1,552.4
17017,10,3,1688.79
17018,143,3,962.6
17019,95,3,1018.61
17020,108,2,935.62
17021,8,6,1182.22
17023,52,2,604.5600000000001
17025,207,1,848.7
17027,12,3,436.82
17028,147,3,1593.83
17029,2,4,1256.3
17031,24,3,2140.0
17032,113,8,3004.6
17034,79,1,197.95000000000002
17035,157,2,180.06
17039,170,1,1954.99
17040,116,1,13.52
17041,166,2,220.41
17043,136,2,587.5
17044,37,5,4300.7
17046,10,4,1264.05
17047,176,2,765.9300000000001
17048,3,4,1146.33
17049,43,7,2846.75
17050,54,4,1162.55
17051,12,3,467.25
17055,11,1,239.55
17056,304,1,128.60000000000002
17057,162,1,294.74
17059,65,4,1785.13
17062,5,1,195.67
17063,5,5,1849.79
17065,203,2,194.7
17066,292,1,228.34
17067,290,3,454.54
17068,2,20,3310.19
17069,148,2,1250.83
17071,47,3,824.27
17072,191,1,282.05
17074,128,1,203.05
17075,44,5,1007.93
17076,204,2,191.75
17077,144,1,306.0
17080,72,3,367.65
17081,4,3,501.75
17082,191,3,1785.38
17083,2,5,2058.43
17085,3,15,3613.64
17087,303,1,221.53
17090,71,3,611.76
17091,2,8,2857.08
17092,3,7,3817.18
17093,158,1,235.88
17095,40,3,933.69
17096,2,5,2123.45
17098,106,1,299.47
17099,99,1,582.17
17101,116,1,168.4
17103,288,1,424.3
17107,47,3,4396.57
17108,229,1,174.95
17109,63,1,184.69
17110,86,2,347.4
17112,68,1,205.17000000000002
17113,140,6,2322.59
17115,114,4,1923.99
17116,214,1,389.78
17122,65,1,102.02000000000001
17123,5,2,631.87
17126,31,1,282.05
17127,10,4,800.73
17129,86,1,31.85
17132,18,2,1272.8
17133,40,5,9730.09
17134,8,1,212.1
17135,54,2,372.35
17136,228,1,231.68
17137,53,5,942.15
17138,98,5,3891.87
17139,14,10,7398.49
17141,250,2,406.44
17142,99,2,446.55
17143,81,1,661.51
17145,78,4,3120.91
17146,1,10,5110.46
17147,18,5,1485.36
17149,17,1,143.10000000000002
17150,131,4,795.65
17151,301,1,231.90000000000003
17155,93,5,640.76
17156,57,1,591.87
17157,46,17,4832.900000000001
17158,113,2,713.03
17159,43,2,560.71
17160,38,8,4234.53
17161,10,1,856.01
17163,11,2,406.68
17165,122,4,1208.93
17167,11,1,257.69
17168,64,1,400.2
17169,144,1,320.95
17171,227,1,159.68
17172,292,1,336.82
17176,92,2,596.1899999999999
17177,71,1,119.5
17178,297,1,436.71000000000004
17179,128,1,193.17000000000002
17180,22,6,1349.98
17181,161,1,69.93
17182,284,1,178.5
17184,135,2,198.41000000000003
17185,157,3,229.46
17187,92,1,263.76
17188,12,6,2118.7000000000003
17189,126,3,573.23
17190,115,3,953.42
17191,52,6,1585.23
17192,102,1,77.83
17193,303,1,45.0
17194,96,1,549.88
17195,221,1,562.98
17199,148,1,145.12
17200,218,2,165.06
17201,89,3,899.41
17204,4,2,2490.27
17205,130,1,274.95
17207,218,1,303.21999999999997
17209,215,3,611.6
17211,215,4,1263.0
17212,24,2,567.56
17213,63,6,2088.17
17215,30,1,186.15
17216,120,1,65.05
17217,185,1,104.5
17218,18,5,1025.74
17220,23,6,873.95
17221,157,3,643.39
17222,43,5,1250.8600000000001
17224,67,1,100.86000000000001
17225,147,1,131.15
17226,10,2,506.63
17227,2,5,703.51
17228,21,5,915.1999999999999
17230,129,10,6286.54
17231,40,13,3122.51
17233,14,2,369.98
17235,58,4,583.72
17236,91,5,839.98
17238,29,12,2786.59
17239,92,1,308.45000000000005
17240,162,1,130.60000000000002
17241,14,11,2580.54
17242,22,3,1754.24
17243,5,37,9742.48
17244,299,1,260.65
17245,255,1,200.18
17246,112,2,38.92
17248,47,1,227.51000000000002
17251,290,1,306.40000000000003
17255,12,1,381.15
17256,47,3,258.93
17257,2,2,192.73
17258,231,1,283.85
17259,11,4,904.33
17261,75,1,230.44
17262,44,6,1235.4
17266,65,2,207.09
17268,11,7,970.25
17270,35,2,604.4
17271,302,1,210.39
17278,131,1,25.2
17280,4,1,118.86
17281,2,5,727.05
17282,22,2,636.25
17284,11,1,229.46
17285,194,2,428.34
17287,10,12,2055.9
17289,14,5,918.84
17290,120,4,469.88
17292,38,2,271.75
17293,45,7,1174.54
17294,235,2,467.79
17296,296,1,338.13
17298,59,2,343.64
17299,5,2,346.97
17300,47,1,155.8
17301,190,1,132.8
17304,100,1,111.5
17305,214,1,2135.46
17307,18,8,2438.9500000000003
17308,18,1,3845.04
17309,239,1,220.09
17310,100,1,765.0
17311,126,2,1242.49
17314,53,8,2041.88
17315,4,1,765.58
17318,291,1,164.28
17319,235,1,29.099999999999998
17320,4,3,1244.23
17321,121,2,496.31
17322,302,1,114.55
17323,50,4,513.03
17324,17,8,1184.5900000000001
17325,207,1,101.89999999999999
17326,95,1,172.6
17327,128,1,4.25
17328,239,1,104.7
17329,297,3,481.32
17330,110,2,59.900000000000006
17332,94,5,838.27
17335,250,1,154.77
17336,38,1,81.12
17338,11,6,3075.32
17339,75,1,59.0
17340,1,6,5985.2
17341,106,2,594.87
17342,94,3,927.14
17343,68,4,866.35
17344,294,1,307.54
17345,100,5,768.6
17346,17,7,1858.29
17348,3,4,1316.89
17349,105,2,257.9
17350,113,2,456.511
17351,35,8,1119.08
17352,262,1,36.25
17353,57,2,1502.0
17356,120,4,768.25
17358,219,1,117.22
17359,214,1,156.6
17361,242,2,392.44
17362,176,4,522.87
17364,3,14,6387.02
17365,81,4,1879.89
17366,22,1,485.99
17368,85,3,603.24
17369,21,1,979.2
17371,189,3,238.66
17372,7,16,2304.48
17373,8,2,296.78
17376,88,1,141.25
17377,5,48,9599.37
17380,66,2,521.4
17381,10,6,10799.22
17382,1,7,836.88
17383,19,1,110.7
17384,33,1,171.15
17388,38,5,949.99
17389,40,15,6747.1
17392,16,1,168.65
17393,54,1,194.60000000000002
17395,74,1,97.5
17396,7,1,263.4
17400,147,3,2547.09
17401,107,1,114.85
17402,4,8,1372.29
17403,16,1,118.95
17404,25,6,10499.83
17406,10,10,2002.53
17408,66,2,283.44
17409,130,5,3260.02
17411,302,1,344.40000000000003
17412,58,7,2093.61
17413,135,1,219.84
17414,100,3,1187.2
17416,3,12,7756.78
17417,114,1,164.18
17419,65,4,1015.16
17421,301,1,130.8
17422,17,3,920.72
17426,18,7,3040.51
17428,28,9,9074.210000000001
17430,45,1,210.8
17432,141,3,474.45
17436,159,2,216.0
17437,95,1,373.17
17438,10,4,1034.32
17439,221,1,325.74
17440,115,1,137.16
17441,298,1,293.35
17442,2,8,2101.64
17448,63,46,14556.970000000001
17449,115,4,1318.1200000000001
17450,3,3,39841.38
17454,28,6,1030.41
17456,22,1,725.7
17457,53,6,2810.17
17460,16,8,1286.06
17463,126,2,661.5
17464,88,2,710.98
17465,66,6,2258.18
17469,51,9,2775.58
17470,2,4,1050.22
17471,40,1,321.65000000000003
17472,194,1,224.81
17473,22,1,298.1
17474,165,1,1047.0
17476,303,1,260.36
17477,178,2,1144.3
17478,199,1,706.2
17479,198,1,389.26000000000005
17480,10,1,390.21
17482,53,2,778.19
17484,142,2,209.57
17487,294,1,160.55
17488,207,1,336.5
17490,135,1,353.14
17491,15,5,1652.96
17492,44,2,747.85
17494,67,1,54.7
17496,129,3,1141.84
17497,176,1,204.6
17499,127,1,718.51
17504,8,7,5855.71
17505,116,3,1289.64
17508,39,6,3430.62
17511,2,21,66940.58
17512,18,8,2542.83
17513,45,1,387.0
17514,235,1,334.18
17515,2,4,633.44
17518,187,1,153.55
17519,8,9,2930.15
17524,4,2,394.14
17526,42,6,1910.1999999999998
17529,176,2,1240.25
17530,148,2,455.87
17531,93,2,970.12
17534,17,4,1445.47
17536,248,1,34.78
17539,183,4,1226.57
17540,59,3,599.35
17541,75,1,124.46
17542,207,2,170.95
17543,115,1,120.05
17545,143,1,339.8
17547,231,1,404.55
17550,50,5,1915.0
17552,4,8,1856.3600000000001
17553,38,3,2270.0
17555,152,1,156.65
17557,298,1,34.0
17559,78,1,167.62
17560,16,3,541.4
17561,96,2,364.46999999999997
17563,144,2,392.38
17565,152,1,131.83
17567,7,1,506.6
17568,199,1,382.79
17571,108,1,205.23999999999998
17572,3,4,224.46
17575,233,1,171.7
17576,15,16,3817.06
17577,211,2,348.75
17578,40,6,903.87
17579,144,1,304.38
17581,1,17,6315.98
17582,12,4,1275.43
17583,126,1,135.95
17584,33,4,4067.12
17585,11,3,960.23
17586,185,1,167.4
17587,194,1,181.66
17588,15,3,1359.33
17589,16,13,10914.12
17591,257,1,144.1
17592,304,1,148.3
17593,102,5,3235.9700000000003
17594,15,2,1504.7
17596,5,6,1700.12
17597,40,3,872.05
17599,43,1,52.05
17602,38,8,2348.16
17603,183,3,1398.76
17604,37,3,432.28000000000003
17605,156,1,160.75
17606,303,1,87.30000000000001
17608,15,2,305.11
17609,147,3,503.54
17610,106,5,1529.49
17611,24,12,3922.41
17612,3,10,2704.21
17615,17,2,328.0
17616,17,1,163.2
17617,124,1,395.33
17618,47,6,2216.63
17622,163,2,1130.21
17623,50,5,1407.17
17624,3,2,725.15
17625,12,4,4020.8
17626,168,1,254.0
17627,44,1,296.36
17631,234,3,335.76
17635,92,2,852.08
17638,213,2,842.4000000000001
17639,40,3,269.13
17640,19,4,2219.98
17642,186,2,648.71
17643,71,1,338.15000000000003
17644,18,8,2632.55
17646,21,8,2500.6800000000003
17647,235,2,198.6
17649,35,2,710.4
17651,64,6,1758.52
17660,303,1,163.47
17662,227,2,412.92
17663,8,9,3064.27
17664,40,2,561.59
17665,59,1,563.1
17666,43,3,1319.6399999999999
17667,1,4,1895.19
17669,28,3,2735.63
17672,4,3,1945.14
17673,59,5,1825.09
17675,11,30,12174.86
17676,43,3,850.63
17677,4,21,15350.44
17678,169,1,301.65
17679,87,5,1585.5
17680,77,1,226.05
17681,163,5,731.2
17682,7,5,1590.95
17683,77,2,683.23
17685,31,3,1429.68
17686,99,1,1294.8700000000001
17689,40,1,166.0
17690,198,2,765.37
17691,112,1,172.65
17692,24,5,1612.06
17694,77,2,1412.85
17695,29,2,664.5
17696,3,14,4327.88
17699,42,2,442.0
17700,45,7,3190.66
17705,21,2,260.38
17706,3,9,7159.47
17707,26,5,330.3
17709,36,4,533.5600000000001
17713,9,3,924.14
17714,36,3,824.07
17715,158,1,163.2
17716,11,9,9612.78
17718,210,1,299.83
17720,1,4,1088.51
17721,225,1,307.21000000000004
17726,10,4,526.79
17728,19,1,990.2
17729,162,1,438.65000000000003
17730,12,5,1901.49
17731,187,2,468.88
17732,23,3,919.7
17734,91,3,741.69
17735,8,3,1423.3
17738,4,8,1864.49
17739,2,9,3943.6600000000003
17740,134,4,313.5
17741,126,1,41.400000000000006
17742,22,8,1628.8700000000001
17743,14,1,229.2
17745,43,2,600.34
17746,37,3,793.9300000000001
17748,93,1,358.15
17749,112,1,351.66
17753,30,4,390.56
17754,52,7,2396.19
17757,4,18,2215.23
17758,134,1,434.96
17759,149,1,132.15
17760,193,3,237.89
17762,22,1,129.75
17763,219,3,71.15
17764,106,2,535.71
17765,14,1,158.92
17768,246,3,595.27
17769,5,5,1792.98
17771,2,2,141.6
17773,80,2,585.27
17774,38,4,1797.35
17776,289,1,215.75
17778,227,1,197.70000000000002
17780,233,3,352.91
17783,78,1,96.44
17784,116,1,112.86
17785,11,2,271.44
17789,227,1,171.25
17790,53,4,573.04
17792,33,2,370.05
17794,252,2,147.3
17797,134,4,936.51
17798,147,1,183.09
17799,15,9,3035.76
17801,17,3,798.33
17802,54,5,2377.81
17804,98,2,266.23
17805,176,1,414.72
17807,145,2,301.62
17808,114,4,262.64
17809,60,6,3371.1800000000003
17810,234,2,374.81
17811,7,2,390.52
17812,96,1,101.4
17816,224,2,59.55
17818,303,1,130.18
17819,9,5,2316.18
17822,126,2,1100.49
17825,164,4,731.96
17827,187,1,392.59
17829,43,2,3357.58
17833,289,1,342.36
17834,11,1,412.68
17838,46,8,3008.04
17840,9,1,185.72
17841,3,72,22330.27
17842,168,1,430.69
17845,121,4,598.19
17847,81,2,129.69
17848,4,19,2519.31
17849,46,4,457.96000000000004
17850,4,121,45817.66
17851,92,5,1448.95
17852,290,2,380.36
17853,42,2,1073.51
17854,28,4,760.1899999999999
17857,207,1,468.0
17858,5,13,5882.99
17860,294,2,256.69
17861,17,8,2313.84
17862,129,1,150.83
17863,3,5,1813.78
17865,10,22,12498.460000000001
17866,50,2,805.3000000000001
17867,29,8,394.93
17869,35,2,393.66
17871,144,2,528.58
17873,8,11,3239.26
17875,254,1,167.1
17876,168,2,1619.02
17880,205,2,366.0
17883,105,3,324.08
17884,8,14,1745.2
17886,3,3,708.77
17888,30,13,966.09
17889,184,1,16.44
17894,35,1,132.34
17897,78,5,1386.51
17898,18,2,147.12
17901,87,2,149.7
17902,112,1,216.4
17905,16,9,1381.53
17907,206,1,291.76
17908,70,3,679.36
17909,303,1,132.55
17910,292,1,261.7
17913,12,10,2681.55
17915,117,1,242.13
17916,194,2,43.87
17918,66,3,396.39
17919,4,1,536.28
17920,64,31,18206.72
17921,19,4,1075.48
17922,109,1,170.4
17923,93,2,289.5
17926,10,3,638.2
17927,287,1,294.0
17928,137,1,128.7
17929,1,6,1477.2
17930,53,6,1910.1
17931,61,10,2395.56
17933,198,1,114.69
17935,191,2,225.25
17940,11,6,26286.75
17941,156,3,1128.72
17945,262,3,360.35
17949,4,67,49256.04
17950,81,3,530.29
17952,107,2,381.06
17953,106,1,160.82
17954,117,6,1183.09
17955,221,2,392.6
17958,294,1,465.41999999999996
17959,158,1,140.75
17960,88,2,61.300000000000004
17961,1,55,1511.15
17962,115,3,584.59
17963,37,4,651.51
17965,24,11,3280.94
17966,157,5,875.99
17968,78,1,130.64000000000001
17969,68,18,2141.7400000000002
17971,114,1,161.94
17975,3,3,582.88
17978,263,2,288.9
17982,246,1,138.18
17984,61,2,458.21
17987,116,1,197.32
17988,53,7,288.42
17990,107,2,535.6800000000001
17991,157,1,227.2
17993,183,1,235.19
17994,73,5,1397.49
17996,112,2,262.9
17998,303,2,319.19
18000,130,1,124.25
18001,15,4,536.61
18002,91,3,181.82
18006,183,2,356.48
18008,7,12,15420.14
18009,108,7,1898.49
18011,133,1,321.45
18012,289,1,115.3
18016,247,1,201.20000000000002
18020,109,1,190.48000000000002
18021,75,2,227.06
18022,112,1,198.81
18025,129,2,492.84000000000003
18026,66,2,2074.07
18028,149,1,192.05
18029,208,1,433.77
18036,28,6,847.56
18037,116,8,78.1
18038,122,1,149.41
18039,106,3,379.46
18041,10,13,3335.43
18042,107,1,116.10000000000001
18044,2,5,886.93
18046,215,1,189.63
18048,59,1,229.44
18049,3,2,556.52
18051,200,7,2282.28
18052,130,1,10877.18
18053,91,2,271.05
18056,184,1,190.95
18057,170,2,1002.81
18058,107,2,603.9
18060,130,1,464.4
18061,36,14,3205.65
18062,163,1,422.75
18063,199,1,102.0
18064,12,9,3681.03
18065,44,9,2392.5
18069,18,5,2024.42
18070,235,1,314.1
18071,37,4,716.6800000000001
18074,71,1,529.84
18075,2,5,1686.1100000000001
18077,37,6,1110.94
18078,194,1,372.74
18079,57,1,590.78
18085,194,1,258.75
18087,2,10,8270.34
18089,12,1,428.45
18091,159,1,360.85
18092,10,7,5625.46
18093,10,4,2346.19
18094,12,6,3374.22
18095,144,2,1427.3600000000001
18096,8,3,894.13
18097,11,4,1544.3200000000002
18100,116,1,451.56
18101,240,1,112.5
18102,31,78,269041.67
18103,115,1,105.8
18106,42,5,1030.76
18107,8,1,167.13
18108,162,2,577.8100000000001
18109,4,5,700.73
18111,155,1,405.85
18112,117,1,152.0
18115,263,1,9.700000000000001
18123,79,1,95.15
18124,38,1,111.53
18128,103,1,420.04
18131,197,1,222.95999999999998
18132,70,1,226.9
18134,164,2,445.0
18135,81,3,366.12
18136,17,1,682.78
18137,117,2,145.99
18140,39,1,536.41
18141,155,1,458.27
18144,29,5,1575.3500000000001
18145,51,5,1996.22
18148,212,1,114.10000000000001
18149,33,3,788.03
18151,124,3,1069.99
18152,212,1,426.69
18153,225,1,246.22
18154,56,1,189.29999999999998
18157,137,1,215.35
18162,298,1,379.15999999999997
18163,150,1,728.84
18166,189,1,175.5
18168,19,9,2010.72
18170,105,4,1197.74
18171,36,4,1206.0
18172,2,23,8106.14
18173,178,1,589.52
18174,169,1,58.5
18175,241,1,176.10000000000002
18177,126,3,875.45
18178,1,6,3896.6800000000003
18179,88,2,754.38
18181,127,3,493.12
18182,29,1,291.13
18186,288,1,329.58000000000004
18187,197,1,724.89
18188,162,2,337.55
18189,191,1,313.49
18190,169,3,461.16
18191,43,1,321.6
18193,8,1,684.15
18194,4,5,3188.2
18196,37,2,775.18
18197,141,1,230.1
18199,249,1,344.75
18201,288,1,447.53000000000003
18203,116,2,231.43
18206,119,1,314.65999999999997
18207,65,1,544.47
18208,131,1,360.08
18212,243,1,298.3
18214,96,4,1780.34
18215,3,4,1948.15
18217,79,2,323.29
18218,162,2,479.91999999999996
18219,15,6,884.4300000000001
18220,11,4,1286.84
18223,39,9,5317.05
18225,11,10,5354.88
18226,8,11,4959.07
18227,50,1,295.0
18229,14,6,1770.65
18230,91,1,288.0
18231,3,22,4414.3
18234,117,1,179.6
18236,47,3,424.42
18238,81,1,270.92
18241,44,2,466.3
18242,11,4,1372.72
18244,68,1,302.8
18245,67,8,2525.15
18246,175,1,162.72
18247,115,2,440.03
18251,11,8,21964.14
18252,114,5,1015.42
18253,208,1,317.88
18254,147,1,267.9
18255,22,1,199.85
18257,12,4,2262.52
18258,30,6,2059.67
18259,246,2,662.7
18260,19,9,3982.76
18262,168,1,202.06
18264,64,1,603.25
18267,238,1,269.37
18268,157,5,1464.73
18271,175,2,680.85
18272,114,3,1307.4
18273,156,1,153.0
18275,144,2,741.85
18276,85,3,683.67
18277,60,2,337.14
18279,85,1,231.34
18281,143,1,120.32
18283,43,4,446.42
18285,226,1,427.0
18286,42,2,1296.43
18287,10,3,1964.21
